,mean,std,min,max,iqr
Sim1_final_price,1.0661378427871235,1.556103024820611,0.06064155017039166,7.444622399061382,1.0967442126920532
Sim2_final_price,0.5406919500935785,0.35750508042438206,0.10798287533922822,5.163019772290304,0.34052037684967384
Sim3_final_price,0.5638280851172726,0.299360219206904,0.2393818118128354,0.9761295713924494,0.718239850427779
